"Type","au_id_k","title_id_k","au_ord_s","au_ord_t","royaltyper_s","royaltyper_t"
"In1","000-37-5345","QS0H5Z","2","","48",""
"In1","000-37-5345","SYPC1Z","2","","53",""
"In1","000-58-1168","5OI9C1","1","","98",""
"In1","001-80-6776","R1TKDC","2","","<NULL>",""
"In1","002-72-3737","VO09PO","1","","81",""
"In1","002-72-3737","WT2HPO","2","","48",""
"In1","002-86-9108","A5RG6L","1","","83",""
"In1","002-86-9108","ONP7Q0","3","","92",""
"In1","005-38-7479","DNAS6K","1","","41",""
"In1","005-38-7479","O2RXYU","1","","66",""
"In1","007-36-1515","L3EM6J","1","","98",""
"In1","007-36-1515","SILX9L","2","","44",""
"In1","008-11-7690","705QKW","1","","67",""
"In1","008-11-7690","VXW8Z3","3","","87",""
"In1","008-63-6447","SO801I","2","","93",""
"In1","009-69-8518","YD3B83","1","","62",""
"In1","009-69-8518","ZC18MR","1","","57",""
"In1","010-57-1054","OVIPSN","2","","63",""
"In1","012-66-6624","92BIBA","2","","77",""
"In1","013-21-2231","IHJVCR","1","","77",""
"In1","013-21-2231","NXK5BY","1","","93",""
"In1","013-73-7761","XC7MJX","1","","84",""
"In1","013-73-7761","ZLVD6T","1","","97",""
"In1","013-84-9095","Q0CNJ1","1","","53",""
"In1","014-43-4180","Y8T57D","1","","49",""
"In1","014-85-1174","0UGYM6","2","","89",""
"In1","017-50-7906","074QW3","2","","93",""
"In1","017-50-7906","EDWL1J","2","","84",""
"In1","017-56-8782","YDLFLC","3","","92",""
"In1","018-51-2912","VWWM0O","2","","91",""
"In1","018-83-8089","53LM2V","2","","41",""
"In1","018-83-8089","SBSLC4","2","","46",""
"In1","018-94-1985","3L07YK","2","","51",""
"In1","018-94-1985","PRWU2U","2","","55",""
"In1","019-08-5961","FXBJS9","2","","83",""
"In1","019-08-5961","QJUXR1","1","","66",""
"In1","019-90-9401","QUMFE4","1","","77",""
"In1","020-61-7103","SQZN96","1","","92",""
"In1","020-83-4369","YDMFAM","1","","70",""
"In1","020-96-1904","KDV30G","1","","66",""
"In1","021-76-9037","2A1G9C","1","","61",""
"In1","022-01-3621","AXJQC6","1","","50",""
"In1","022-01-3621","XRYKH7","2","","73",""
"In1","022-25-8469","MUF10Y","2","","81",""
"In1","023-09-7693","RXPHZP","1","","44",""
"In1","023-09-7693","Y1RQV4","1","","64",""
"In1","023-10-3472","K07RKL","1","","46",""
"In1","026-52-7231","T51RDP","2","","64",""
"In1","027-48-0104","705QKW","1","","44",""
"In1","027-48-0104","EDLE8A","1","","57",""
"In1","028-74-6874","2IPPBK","1","","66",""
"In1","028-74-6874","JPSMOU","2","","42",""
"In1","029-45-9479","ANW0XT","1","","91",""
"In1","029-81-7687","ZKO9RI","2","","93",""
"In1","029-87-5316","8EO5BP","3","","77",""
"In1","030-41-4203","K3PFUY","2","","85",""
"In1","030-41-4203","SOBCAY","2","","88",""
"In1","031-34-7655","59BGLD","1","","66",""
"In1","031-34-7655","Y7FB46","3","","58",""
"In1","033-56-3107","AY0BS6","1","","84",""
"In1","033-56-3107","WSBTPO","1","","98",""
"In1","033-96-2990","UN8PAQ","1","","47",""
"In1","033-96-2990","US7LV7","1","","42",""
"In1","034-36-0342","LMNJAK","2","","40",""
"In1","035-23-3645","3HKS5H","1","","89",""
"In1","035-23-3645","OS50TC","1","","76",""
"In1","036-26-0337","B1QPO","1","","58",""
"In1","036-26-0337","WDBJ3O","1","","84",""
"In1","036-28-0629","GQH8WG","1","","58",""
"In1","036-28-0629","MCWORS","1","","77",""
"In1","037-09-5187","GBYN79","1","","70",""
"In1","037-09-5187","TX36TB","2","","56",""
"In1","037-24-1427","30M02Q","1","","47",""
"In1","037-88-2320","5BT1GB","2","","46",""
"In1","037-97-4014","M5CZK0","1","","56",""
"In1","039-06-7617","BWW172","2","","75",""
"In1","039-06-7617","G0J551","1","","72",""
"In1","039-87-6621","TPRN2B","1","","67",""
"In1","040-68-4281","27L7CW","1","","85",""
"In1","040-68-4281","ITXC28","1","","46",""
"In1","040-86-2217","FGSCWQ","1","","61",""
"In1","040-86-2217","WJ1384","1","","49",""
"In1","040-95-9930","DB9I6H","2","","94",""
"In1","040-95-9930","Z02Q7S","1","","66",""
"In1","041-76-1076","C522ZQ","1","","88",""
"In1","041-76-1076","YMPC6R","1","","65",""
"In1","041-91-5307","LEY8F7","1","","93",""
"In1","041-91-5307","NIO1EM","1","","<NULL>",""
"In1","043-55-4829","YBH6SM","1","","74",""
"In1","044-57-2845","QINN9I","1","","52",""
"In1","050-95-0398","U5LKGK","3","","71",""
"In1","051-10-2975","GO2IKE","1","","46",""
"In1","051-10-2975","J0X518","1","","92",""
"In1","051-49-4978","VMWB5P","1","","64",""
"In1","051-49-4978","WTYI69","1","","80",""
"In1","051-52-5206","JLQCI7","1","","67",""
"In1","052-67-0257","06KF2P","1","","43",""
"In1","052-67-0257","D58I5M","1","","66",""
"In1","052-84-7851","6CIMMV","2","","76",""
"In1","053-09-5725","JD8MPQ","1","","42",""
"In1","053-11-7028","PNP111","2","","50",""
"In1","054-14-2608","RGNFS9","2","","97",""
"In1","054-86-5613","BSBNTV","2","","41",""
"In1","055-12-1033","24ZT26","2","","64",""
"In1","055-19-3679","6WBX10","1","","54",""
"In1","055-39-8562","AA0OQH","1","","94",""
"In1","056-58-7895","DS32F9","1","","50",""
"In1","057-36-0238","O5FZKD","2","","44",""
"In1","057-36-0238","OENFA4","1","","77",""
"In1","057-75-0148","8YAKBA","1","","97",""
"In1","058-96-7586","TQOHI0","1","","95",""
"In1","059-14-0926","7VJC1P","1","","96",""
"In1","060-59-6522","PI2B1Q","1","","42",""
"In1","060-95-3315","CFT9LP","1","","44",""
"In1","061-28-5937","8AWCXE","2","","48",""
"In1","061-30-8383","HMYMKV","1","","98",""
"In1","061-30-8383","M3UEH2","2","","68",""
"In1","061-91-4608","G7ZHM4","2","","45",""
"In1","062-47-3784","L6QD9Q","1","","95",""
"In1","062-47-3784","OB6NR8","3","","69",""
"In1","063-30-2620","I4QDYR","1","","<NULL>",""
"In1","063-65-8388","LK810F","1","","81",""
"In1","063-65-8388","SYM9Z0","1","","80",""
"In1","064-41-7606","L2QA5A","2","","99",""
"In1","064-41-7606","Q8YPGM","2","","57",""
"In1","064-83-7055","J2VPX9","2","","98",""
"In1","066-18-3003","781WT2","2","","92",""
"In1","066-18-3003","8RUGEF","1","","41",""
"In1","067-39-6735","QIKI6Q","1","","78",""
"In1","070-40-4200","68MHC9","1","","54",""
"In1","073-66-1005","8AD91N","2","","82",""
"In1","074-70-9236","074QW3","2","","70",""
"In1","074-70-9236","AXMKAX","1","","87",""
"In1","076-81-1053","K3PFUY","2","","42",""
"In1","076-81-1053","QBXIEH","1","","89",""
"In1","076-97-2258","781WT2","2","","60",""
"In1","076-97-2258","SILX9L","2","","59",""
"In1","077-85-8188","AXMKAX","1","","99",""
"In1","077-85-8188","T977KF","1","","82",""
"In1","080-66-5741","WQC402","1","","94",""
"In1","085-02-1051","H5ORLT","2","","92",""
"In1","085-02-1051","WJ1384","1","","97",""
"In1","088-50-6761","4HG6I2","1","","40",""
"In1","088-55-7091","1I8VM9","1","","50",""
"In1","090-41-6224","742TDR","1","","70",""
"In1","090-41-6224","8XS43C","1","","93",""
"In1","090-51-2933","MG3LH4","2","","78",""
"In1","090-94-5024","OENFA4","1","","92",""
"In1","090-94-5024","VPG5BR","1","","79",""
"In1","091-75-9203","JP0LOM","1","","48",""
"In1","091-93-0436","QSVY9L","3","","95",""
"In1","091-93-0436","TQDBQU","1","","48",""
"In1","092-19-4231","U258Y5","1","","65",""
"In1","092-50-1798","IFR5KZ","2","","76",""
"In1","092-50-1798","YN8CKN","1","","44",""
"In1","094-54-8249","BVBEX5","1","","58",""
"In1","097-03-4921","LNPR4N","1","","98",""
"In1","097-03-4921","US7LV7","1","","88",""
"In1","097-18-1239","DCHNFW","1","","97",""
"In1","097-18-1239","GICHLV","2","","83",""
"In1","098-77-8150","7W2799","1","","70",""
"In1","099-05-2547","8A8FBD","1","","100",""
"In1","099-05-2547","EVLLWN","1","","75",""
"In1","100-31-2490","ZA6VF1","1","","85",""
"In1","100-31-2490","ZKYSUT","1","","92",""
"In1","101-67-4013","V1NU46","1","","69",""
"In1","105-02-0420","A0R35D","1","","70",""
"In1","105-82-0017","MFZOPB","1","","67",""
"In1","105-99-1378","55MJ7A","1","","62",""
"In1","105-99-1378","GABH6P","2","","42",""
"In1","106-02-3609","VAOBRL","1","","59",""
"In1","106-06-3072","07S0WD","2","","83",""
"In1","106-06-3072","PYX6FA","1","","70",""
"In1","107-19-5304","8HE49J","1","","58",""
"In1","107-19-5304","ZAFV5M","3","","51",""
"In1","107-78-1658","BJSCMO","1","","81",""
"In1","107-94-4544","DM9346","1","","71",""
"In1","108-40-3049","D0V3U6","1","","90",""
"In1","108-40-3049","R4J6W0","1","","97",""
"In1","108-87-5163","78RDTC","1","","99",""
"In1","108-87-5163","VMCG3E","1","","82",""
"In1","109-81-4461","BTBOGR","1","","74",""
"In1","109-81-4461","DB9I6H","2","","58",""
"In1","109-92-4754","0BNW7B","1","","96",""
"In1","109-92-4754","BONHBK","1","","54",""
"In1","110-08-7189","P98GBF","1","","50",""
"In1","110-08-7189","T9J3VN","2","","87",""
"In1","111-76-3094","EFPPYF","1","","72",""
"In1","111-76-3094","GLXZGL","2","","50",""
"In1","111-98-0416","GOKUV","2","","92",""
"In1","113-95-9612","HCPB0L","1","","58",""
"In1","118-71-3596","JE3SVV","1","","60",""
"In1","118-71-3596","S07G6K","2","","53",""
"In1","120-33-8347","05B4X1","1","","68",""
"In1","120-89-2676","9GR5QU","2","","61",""
"In1","123-78-3697","B54PR","2","","52",""
"In1","123-78-3697","VRHHJP","1","","41",""
"In1","125-33-4212","EA19TH","1","","84",""
"In1","125-33-4212","JAHMR8","1","","40",""
"In1","125-58-7061","KH4BM9","2","","77",""
"In1","126-54-5139","095CST","2","","89",""
"In1","126-54-5139","IOF5AK","2","","87",""
"In1","126-62-4225","TWOEBC","1","","83",""
"In1","126-64-2516","60QLX2","1","","47",""
"In1","128-49-2557","FK3NZU","1","","58",""
"In1","128-49-2557","X6042X","1","","56",""
"In1","128-73-2319","HZG9J1","1","","42",""
"In1","128-74-3735","IXCI5P","1","","57",""
"In1","128-74-3735","YAUNW8","2","","47",""
"In1","131-25-9721","O5FZKD","2","","93",""
"In1","131-25-9721","ZKYSUT","1","","<NULL>",""
"In1","131-43-1376","I5GCWD","2","","57",""
"In1","131-43-1376","MJUM86","2","","90",""
"In1","133-56-8059","PT7DHC","2","","66",""
"In1","133-56-8059","R7B4ZZ","1","","41",""
"In1","134-81-5976","XE27BL","2","","68",""
"In1","135-09-3634","R03U43","1","","57",""
"In1","135-32-8722","ANQ9R5","1","","<NULL>",""
"In1","135-32-8722","IJB8EM","1","","57",""
"In1","137-27-9046","G9VLPB","1","","87",""
"In1","138-23-3973","CCQCD1","1","","73",""
"In1","139-31-8547","CV0BJW","2","","79",""
"In1","141-37-0213","1JWKBJ","1","","46",""
"In1","141-37-0213","VGPEMC","1","","79",""
"In1","142-54-6738","P77568","3","","63",""
"In1","142-84-6524","0TS1AF","2","","41",""
"In1","142-84-6524","H5ORLT","2","","86",""
"In1","143-73-3311","UED766","1","","66",""
"In1","144-93-0647","IKEZ4M","1","","74",""
"In1","144-93-0647","SNI0KF","1","","90",""
"In1","145-70-1504","DZHEF4","2","","82",""
"In1","145-70-1504","W9MXAG","1","","75",""
"In1","146-40-7056","AJ9K8W","2","","40",""
"In1","148-13-6665","L4CDG","1","","95",""
"In1","148-42-8211","VSE7WV","1","","62",""
"In1","148-97-2623","06XCF3","2","","65",""
"In1","148-97-2623","EOQD8T","2","","61",""
"In1","149-09-3348","A6J1AU","3","","64",""
"In1","149-09-3348","A78LNS","1","","48",""
"In1","149-32-6606","V0NP0C","1","","40",""
"In1","152-57-2614","M1NWQ0","1","","90",""
"In1","152-57-2614","NR94N0","2","","84",""
"In1","154-76-5358","2P2TTL","3","","86",""
"In1","156-88-3680","EX2ZQJ","2","","75",""
"In1","159-06-6204","DD98H7","2","","87",""
"In1","161-04-7073","FJKIUT","1","","58",""
"In1","162-01-1013","JOO1BQ","1","","59",""
"In1","162-01-1013","X6TZHU","1","","69",""
"In1","162-30-7785","Y7U19V","1","","49",""
"In1","162-30-7785","YN8CKN","1","","100",""
"In1","162-51-0027","0BNW7B","1","","56",""
"In1","162-51-0027","P3VV4R","1","","74",""
"In1","162-70-3230","SY27SA","3","","42",""
"In1","162-99-7748","1D5YD8","1","","69",""
"In1","162-99-7748","U2WDUQ","1","","72",""
"In1","166-66-3606","4G1APE","1","","93",""
"In1","166-66-3606","S4F1QX","1","","59",""
"In1","167-33-7724","WO7Y0J","2","","61",""
"In1","168-36-7274","TDKDRA","1","","71",""
"In1","168-36-7274","WTYI69","1","","62",""
"In1","169-09-6540","C661VL","3","","55",""
"In1","169-09-6540","NXK5BY","1","","48",""
"In1","170-05-1129","D9TMOX","1","","90",""
"In1","170-05-1129","S9SD2N","1","","65",""
"In1","170-24-1331","TDL8TB","3","","42",""
"In1","170-57-8970","I1DWDN","2","","84",""
"In1","170-57-8970","M5QUCH","2","","70",""
"In1","172-21-3003","LNPR4N","1","","43",""
"In1","172-21-3003","NIO1EM","1","","57",""
"In1","172-25-2336","DKFMN7","1","","71",""
"In1","174-18-0914","GB9EAL","1","","62",""
"In1","175-00-6302","GICHLV","2","","91",""
"In1","175-00-6302","JI5DSK","1","","94",""
"In1","177-64-8069","LYS63V","2","","51",""
"In1","177-64-8069","ZWQQCK","2","","89",""
"In1","179-61-0200","4XJEG6","1","","61",""
"In1","179-61-0200","OF8DGA","1","","60",""
"In1","180-47-3854","IOF5AK","2","","46",""
"In1","180-47-3854","JN1DLK","1","","68",""
"In1","181-72-2096","07S0WD","2","","56",""
"In1","181-72-2096","MOXZ24","1","","91",""
"In1","181-79-4047","QBXIEH","1","","40",""
"In1","181-79-4047","TW2HRB","1","","96",""
"In1","184-68-3225","89WQ15","1","","56",""
"In1","184-79-5865","46DCIP","1","","93",""
"In1","184-79-5865","CRI5E6","1","","93",""
"In1","187-43-1959","TBG2AP","1","","64",""
"In1","189-82-4950","RNUOAW","1","","49",""
"In1","189-98-5484","Z04VZU","1","","43",""
"In1","190-89-9725","NPYIZK","1","","82",""
"In1","191-67-7426","2G6RMM","2","","77",""
"In1","191-67-7426","7NGQJE","2","","97",""
"In1","192-39-8844","KKIHW9","1","","62",""
"In1","192-39-8844","UHSUZ7","1","","62",""
"In1","192-86-8474","V8ATMW","2","","55",""
"In1","192-86-8474","XRYKH7","2","","46",""
"In1","192-96-1750","4NF44J","1","","69",""
"In1","193-30-9166","5QO48U","2","","43",""
"In1","193-30-9166","C64UWB","1","","51",""
"In1","195-12-2276","LZESBZ","1","","84",""
"In1","195-70-5385","ZJON0J","2","","83",""
"In1","196-10-0005","NXGB3T","1","","81",""
"In1","196-63-0399","8SW1VY","1","","72",""
"In1","196-72-8410","GEXW15","2","","42",""
"In1","196-72-8410","XQ7OYY","2","","65",""
"In1","199-77-6436","TEM7ZN","1","","48",""
"In1","199-77-6436","ZUN4K9","1","","41",""
"In1","199-80-4413","0V1FXQ","1","","51",""
"In1","199-80-4413","XW292K","1","","64",""
"In1","199-89-7236","7DERPL","2","","66",""
"In1","200-79-4022","GV2K0S","1","","73",""
"In1","200-79-4022","RZ46MF","1","","89",""
"In1","201-06-0843","Y72N33","2","","41",""
"In1","201-28-7512","RATVQ0","2","","87",""
"In1","202-16-8169","TSQUT5","1","","89",""
"In1","204-05-8509","SP6Q6Z","1","","67",""
"In1","205-29-2040","C43Q0R","2","","77",""
"In1","207-64-2087","QWGP4L","2","","59",""
"In1","207-78-0305","AQPBSP","1","","80",""
"In1","207-78-0305","VJ4UH5","1","","52",""
"In1","207-89-8898","7UAZ73","1","","62",""
"In1","209-69-4384","STUHZC","2","","42",""
"In1","209-69-4384","TPOV1J","2","","68",""
"In1","210-67-6548","IJB8EM","1","","44",""
"In1","210-67-6548","NO0ZRO","1","","90",""
"In1","210-93-9006","H602VX","1","","45",""
"In1","210-93-9006","THINW6","1","","40",""
"In1","211-02-7976","H0LPNJ","1","","81",""
"In1","211-02-7976","L6QD9Q","1","","60",""
"In1","212-45-2924","1WWWE1","1","","100",""
"In1","212-95-4422","6OLM8R","2","","58",""
"In1","214-33-4175","MD2DV7","1","","56",""
"In1","214-33-4175","YW8FK0","1","","98",""
"In1","214-83-3733","4Y5QBA","2","","87",""
"In1","214-83-3733","RDFUE1","2","","58",""
"In1","215-05-6763","NTFFTA","1","","74",""
"In1","215-08-0738","5NPONL","2","","49",""
"In1","215-08-0738","CTQF2G","2","","42",""
"In1","215-57-6534","LD5MGP","2","","47",""
"In1","215-57-6534","LN809F","1","","46",""
"In1","217-27-5883","F7UJ96","1","","89",""
"In1","217-29-0815","K0Q7N1","1","","68",""
"In1","217-29-0815","ZOD9A8","1","","49",""
"In1","218-12-6426","54M8BA","1","","83",""
"In1","218-12-6426","JNHGLL","1","","<NULL>",""
"In1","218-26-1676","H9M9HV","2","","73",""
"In1","218-26-1676","INUC6Q","1","","67",""
"In1","218-68-5242","ID268A","1","","41",""
"In1","218-68-5242","R4J6W0","1","","89",""
"In1","219-41-4410","56QQI1","1","","90",""
"In1","219-96-9207","9UW5SK","1","","46",""
"In1","219-96-9207","SRK7QK","1","","63",""
"In1","220-43-7067","MJOD8B","2","","78",""
"In1","220-43-7067","PV83SK","1","","95",""
"In1","222-74-4390","KD20P9","2","","49",""
"In1","223-28-0048","AIX2MT","1","","58",""
"In1","223-28-0048","RS8Z13","2","","65",""
"In1","223-43-9216","GZPE5H","2","","83",""
"In1","223-87-5703","D83JIL","1","","88",""
"In1","224-43-7178","DUGM55","1","","48",""
"In1","224-84-7036","HD3HEX","1","","61",""
"In1","224-84-7036","WWWDSW","1","","94",""
"In1","226-09-7377","CQRC1Q","1","","71",""
"In1","226-09-7377","H0LPNJ","1","","58",""
"In1","227-55-4204","6OLKBQ","1","","73",""
"In1","227-82-7495","1M1GHG","1","","78",""
"In1","231-34-7770","U79BOO","2","","90",""
"In1","231-94-2881","HNM69A","1","","82",""
"In1","233-20-7794","UMVRXE","1","","40",""
"In1","233-28-2505","2DQWR2","2","","53",""
"In1","233-28-2505","OBCRUZ","1","","81",""
"In1","233-40-3827","ACLUZU","1","","98",""
"In1","233-40-3827","NUCGRO","1","","64",""
"In1","233-69-3803","TSL0T8","1","","42",""
"In1","233-72-4776","BDFHJV","1","","48",""
"In1","233-72-4776","I1DWDN","2","","40",""
"In1","236-47-8571","1H45CH","1","","56",""
"In1","236-47-8571","W9MXAG","1","","59",""
"In1","237-31-2526","LH99DP","1","","83",""
"In1","237-31-2526","X8CALG","2","","41",""
"In1","241-59-8516","DZE6T2","1","","79",""
"In1","242-73-3251","GBYN79","1","","50",""
"In1","242-73-3251","Q1MXXV","1","","60",""
"In1","242-82-1421","03LRBK","1","","88",""
"In1","243-80-7866","VDVJ9U","2","","87",""
"In1","246-83-5850","8XS43C","1","","70",""
"In1","246-83-5850","Y7FB46","3","","78",""
"In1","246-97-9019","48G5AY","1","","83",""
"In1","246-97-9019","GBDGMA","1","","83",""
"In1","247-22-3690","JNHGLL","1","","85",""
"In1","247-22-3690","QJPGHE","1","","52",""
"In1","248-22-6337","OKMQXB","1","","79",""
"In1","249-95-1811","XH8HI7","1","","50",""
"In1","250-72-8288","5NPONL","2","","90",""
"In1","250-72-8288","S6OSUT","2","","52",""
"In1","251-85-4426","KNDH6M","1","","61",""
"In1","253-95-5658","WZTVYL","2","","70",""
"In1","254-94-0967","PJX5FB","1","","88",""
"In1","255-63-1445","05XKTJ","1","","59",""
"In1","255-63-1445","5PDMPG","1","","43",""
"In1","256-14-5705","FXBJS9","2","","51",""
"In1","256-14-5705","GBDGMA","1","","57",""
"In1","256-53-8551","54AQW","2","","44",""
"In1","257-22-6999","1LVG5K","1","","64",""
"In1","257-22-6999","PM2W8B","1","","45",""
"In1","257-47-7024","WLURTE","1","","86",""
"In1","257-80-9423","H1QH41","2","","60",""
"In1","257-90-0902","G6U09R","1","","75",""
"In1","257-90-0902","UA0DGP","1","","99",""
"In1","258-54-7616","A5RG6L","1","","69",""
"In1","258-54-7616","OLZS0P","1","","42",""
"In1","258-69-5846","FX8C3I","1","","64",""
"In1","258-69-5846","O67Y5","1","","63",""
"In1","259-12-4427","LUHIU4","1","","69",""
"In1","259-12-4427","SFTTH6","1","","47",""
"In1","259-90-8379","NUCGRO","1","","54",""
"In1","259-90-8379","YEHQOK","2","","94",""
"In1","259-91-3092","0WYNNG","1","","67",""
"In1","259-94-0516","FWWBLG","1","","74",""
"In1","264-17-1802","ITXC28","1","","70",""
"In1","264-17-1802","M15H4N","2","","62",""
"In1","264-80-9268","XMEATA","2","","96",""
"In1","266-68-7720","BZDAFX","1","","44",""
"In1","266-68-7720","H602VX","1","","47",""
"In1","266-69-1297","DS3V56","1","","41",""
"In1","267-61-4436","N0AORK","2","","67",""
"In1","267-61-4436","RL3B5H","2","","95",""
"In1","268-81-1943","GF4XYS","1","","42",""
"In1","268-81-1943","L2MYLH","1","","87",""
"In1","269-03-7790","HLQMYW","2","","94",""
"In1","269-03-7790","TO1FSQ","1","","62",""
"In1","272-03-7018","Z6NRMF","2","","93",""
"In1","272-54-1733","67HN9F","2","","91",""
"In1","272-54-1733","G647IM","2","","81",""
"In1","272-82-7008","ACELU2","1","","44",""
"In1","274-70-0742","S4F1QX","1","","86",""
"In1","274-70-0742","YGQ86H","2","","85",""
"In1","277-04-3871","NEXSGP","1","","84",""
"In1","277-48-1594","DYJ9AY","1","","91",""
"In1","279-10-1040","TMJJ5S","1","","53",""
"In1","280-68-3619","HMC6CO","1","","53",""
"In1","280-68-3619","V8ATMW","2","","84",""
"In1","281-78-9270","6YGP1V","1","","71",""
"In1","281-78-9270","Q1NP0H","1","","46",""
"In1","282-46-7867","7D2BEC","1","","54",""
"In1","290-25-5664","K58CCE","1","","82",""
"In1","290-35-6050","HHXVRU","2","","81",""
"In1","291-53-8444","59A5A6","1","","64",""
"In1","291-53-8444","BK9IBY","1","","72",""
"In1","292-72-9941","9Z08TA","2","","70",""
"In1","293-38-9029","IP7TG4","1","","97",""
"In1","299-70-3506","O8N7A0","1","","88",""
"In1","299-70-3506","ZNO6PC","1","","88",""
"In1","299-96-9298","4Z9COY","2","","67",""
"In1","299-96-9298","M5QUCH","2","","88",""
"In1","302-03-9834","78RDTC","1","","53",""
"In1","302-03-9834","P98GBF","1","","87",""
"In1","302-78-1184","IGJ4D0","1","","53",""
"In1","302-78-1184","VUG6Z2","2","","72",""
"In1","302-79-6583","H8GIE","2","","85",""
"In1","302-79-6583","MODP74","2","","70",""
"In1","303-56-4235","XI2VQH","1","","63",""
"In1","306-87-6081","JDJCPQ","1","","77",""
"In1","306-87-6081","S6OSUT","2","","82",""
"In1","308-35-6312","QCXWXH","2","","70",""
"In1","308-35-6312","U1V58R","2","","90",""
"In1","309-08-3772","MZ7B0M","1","","62",""
"In1","310-30-7005","ADC1XR","2","","73",""
"In1","312-12-6958","1SC9E8","3","","45",""
"In1","312-12-6958","UN8PAQ","1","","42",""
"In1","312-23-3894","MOXZ24","1","","57",""
"In1","312-23-3894","Z8JWEC","1","","80",""
"In1","312-45-3777","UQ23B5","1","","76",""
"In1","320-87-8715","KXOWD7","1","","53",""
"In1","322-65-3060","74ZTD2","1","","90",""
"In1","323-10-8910","4Z9COY","2","","43",""
"In1","323-10-8910","THY2BC","1","","88",""
"In1","324-12-6852","O472ZQ","2","","92",""
"In1","324-47-9101","B2D47L","1","","51",""
"In1","324-47-9101","PRWU2U","2","","63",""
"In1","324-93-4925","EQIB1H","1","","47",""
"In1","324-93-4925","T6QASM","1","","68",""
"In1","325-95-1151","3196I","1","","68",""
"In1","325-95-1151","TLO2X1","1","","75",""
"In1","328-00-0971","IVJK4L","1","","52",""
"In1","330-88-0909","UGNFV7","1","","64",""
"In1","332-57-5201","BPKAKP","2","","98",""
"In1","335-01-5766","HHM9PM","2","","98",""
"In1","335-01-5766","VNQW6I","1","","43",""
"In1","335-54-5056","Q5XW80","2","","68",""
"In1","337-00-9598","M15H4N","2","","92",""
"In1","337-00-9598","T14RP1","1","","54",""
"In1","338-86-4730","90PXSU","1","","43",""
"In1","338-86-4730","JI5DSK","1","","74",""
"In1","339-34-4928","MJUM86","2","","49",""
"In1","339-34-4928","ZNO6PC","1","","58",""
"In1","339-51-0145","1OYUPM","1","","41",""
"In1","339-51-0145","OUR77","1","","94",""
"In1","339-87-1906","59BGLD","1","","58",""
"In1","339-87-1906","6FMT9N","1","","44",""
"In1","342-59-6046","EJ5P24","1","","97",""
"In1","343-59-4886","D89PI7","1","","45",""
"In1","343-59-4886","HXERPQ","1","","43",""
"In1","344-11-1418","963IB4","1","","68",""
"In1","344-11-1418","9I3ET8","2","","48",""
"In1","345-14-2792","TPOV1J","2","","77",""
"In1","345-14-2792","ZGV8MD","2","","97",""
"In1","346-59-1230","1NRKTT","1","","58",""
"In1","346-59-1230","JYC15U","1","","94",""
"In1","349-35-8784","EMHR6I","1","","74",""
"In1","351-69-4362","Z9KFZ3","1","","44",""
"In1","353-13-2026","RZ46MF","1","","57",""
"In1","353-13-2026","Z9HNZZ","1","","81",""
"In1","355-96-5508","2E4MQG","1","","97",""
"In1","355-96-5508","ZOD9A8","1","","44",""
"In1","356-57-2043","LQHEZY","1","","92",""
"In1","359-22-7209","GQ3FOZ","2","","74",""
"In1","359-22-7209","POPJVU","2","","79",""
"In1","359-30-0433","AIX2MT","1","","70",""
"In1","359-30-0433","G0J551","1","","50",""
"In1","361-04-1334","HB3ZSA","1","","64",""
"In1","361-04-1334","PV83SK","1","","75",""
"In1","361-44-3760","KAX841","1","","69",""
"In1","362-65-0044","PKDDCB","2","","64",""
"In1","363-41-4980","AAXW8O","1","","77",""
"In1","363-41-4980","D91DYY","2","","71",""
"In1","365-20-7228","J0X518","1","","67",""
"In1","365-20-7228","V0H1J1","3","","73",""
"In1","366-41-4615","JTO7OX","2","","64",""
"In1","367-51-3168","QXJ4T5","2","","60",""
"In1","371-20-1172","HMC6CO","1","","80",""
"In1","371-20-1172","OLZS0P","1","","53",""
"In1","371-89-3630","GLXZGL","2","","91",""
"In1","371-89-3630","WDBJ3O","1","","55",""
"In1","372-82-6731","J93CWO","1","","81",""
"In1","372-82-6731","YZAILK","2","","73",""
"In1","373-89-4630","UL3JK8","2","","51",""
"In1","374-84-1913","73T4Q8","1","","69",""
"In1","375-46-1498","NX8150","1","","52",""
"In1","375-92-7576","H8GIE","2","","67",""
"In1","375-92-7576","WGPST6","1","","40",""
"In1","378-07-1954","JZLGPK","1","","59",""
"In1","378-31-1921","6YGP1V","1","","62",""
"In1","378-31-1921","B1QPO","1","","55",""
"In1","378-75-2839","SCVFCV","1","","86",""
"In1","379-05-8146","UZJ5TU","1","","47",""
"In1","379-56-8957","OWDNKY","1","","96",""
"In1","380-89-7607","9WAQ46","2","","82",""
"In1","380-89-7607","YW8FK0","1","","42",""
"In1","381-53-2551","19HEZI","2","","62",""
"In1","381-66-5968","T6THGW","2","","92",""
"In1","382-53-8882","39R269","1","","47",""
"In1","383-32-0775","59A5A6","1","","90",""
"In1","383-32-0775","SKK151","1","","94",""
"In1","383-49-8715","RKWXKH","2","","87",""
"In1","383-56-4599","483Y9J","2","","93",""
"In1","383-56-4599","GVKSWC","1","","99",""
"In1","383-66-7689","4G1APE","1","","55",""
"In1","383-66-7689","BDFHJV","1","","96",""
"In1","384-28-0422","1HOSBZ","1","","61",""
"In1","384-28-0422","LPDGRM","1","","98",""
"In1","384-78-8459","SYM9Z0","1","","52",""
"In1","384-78-8459","ZWZQMA","1","","80",""
"In1","385-14-7927","LQR70I","3","","69",""
"In1","385-17-3553","EHHIH6","1","","99",""
"In1","385-19-9996","FJ4EKD","3","","53",""
"In1","385-19-9996","X6042X","1","","40",""
"In1","385-60-1546","3MWYHU","2","","83",""
"In1","385-97-7274","TW2HRB","1","","83",""
"In1","385-97-7274","YGQ86H","2","","40",""
"In1","387-01-8813","BOJIC1","2","","95",""
"In1","387-05-4594","080R19","2","","91",""
"In1","387-05-4594","QSN3DY","2","","82",""
"In1","387-68-8741","9TF4OO","2","","91",""
"In1","387-68-8741","LPDGRM","1","","81",""
"In1","389-86-9002","E6EM69","1","","52",""
"In1","389-93-4593","ANQ9R5","1","","87",""
"In1","389-93-4593","VO09PO","1","","74",""
"In1","390-62-6320","BUORU3","1","","95",""
"In1","390-62-6320","I8YHLJ","1","","49",""
"In1","391-02-0500","HWJ80N","1","","99",""
"In1","393-47-0668","H9M9HV","2","","68",""
"In1","393-47-0668","LYS63V","2","","42",""
"In1","394-00-9205","0HKD7Q","1","","85",""
"In1","394-24-7916","06XCF3","2","","46",""
"In1","394-24-7916","VGPEMC","1","","64",""
"In1","394-78-2186","G69PU7","1","","41",""
"In1","394-78-2186","YS3YCY","1","","62",""
"In1","395-52-3474","NO0ZRO","1","","62",""
"In1","395-52-3474","NT1KP1","1","","89",""
"In1","396-36-5442","A9AAA2","2","","87",""
"In1","396-36-5442","ZGTOXI","1","","64",""
"In1","396-41-0401","EVZSD","2","","60",""
"In1","396-59-7812","EHGI1S","1","","89",""
"In1","396-59-7812","WMM3E9","1","","69",""
"In1","397-85-9270","DK23Z2","2","","97",""
"In1","397-85-9270","HZ4IQX","2","","67",""
"In1","397-92-1044","QHN2KN","1","","97",""
"In1","398-98-9019","85I3BT","1","","80",""
"In1","398-98-9019","9P1XQ5","1","","48",""
"In1","399-04-5652","GPA6XE","2","","94",""
"In1","400-01-0480","OPJKAK","1","","78",""
"In1","400-01-9740","4P5J1D","2","","88",""
"In1","400-01-9740","MD2DV7","1","","92",""
"In1","400-91-5789","KDIJV0","1","","64",""
"In1","400-91-5789","KJIOD5","3","","73",""
"In1","401-22-2749","WH5YB0","1","","43",""
"In1","403-27-8301","FIH3VD","1","","97",""
"In1","403-27-8301","ZAUJTV","3","","54",""
"In1","404-64-1990","GV2K0S","1","","52",""
"In1","404-64-1990","YCB01Y","2","","84",""
"In1","406-12-1085","3BOF8G","1","","71",""
"In1","407-58-1152","P510GY","1","","64",""
"In1","407-58-1152","PE2K2N","1","","47",""
"In1","408-21-6287","YR64BN","1","","97",""
"In1","410-43-1408","J16910","1","","94",""
"In1","411-06-0451","EHGI1S","1","","50",""
"In1","411-06-0451","OSWZRF","1","","68",""
"In1","412-87-8386","CPWCC","1","","80",""
"In1","415-00-8725","H3K9BV","1","","87",""
"In1","415-30-2694","XUMPQE","1","","75",""
"In1","415-80-2764","ZB4QZV","1","","82",""
"In1","416-71-9399","10TRZG","1","","82",""
"In1","416-71-9399","KYMAI1","1","","80",""
"In1","417-04-1182","W312M5","1","","59",""
"In1","417-04-4112","E22N","1","","48",""
"In1","418-86-2180","BHCIET","1","","92",""
"In1","419-23-1520","NRTD43","1","","43",""
"In1","420-14-2796","K3HSRO","1","","79",""
"In1","420-14-2796","QJUXR1","1","","45",""
"In1","422-03-5317","434GEB","1","","91",""
"In1","424-57-6660","CEYOAD","1","","71",""
"In1","424-80-8562","1AR13I","1","","69",""
"In1","424-80-8562","VXW8Z3","3","","68",""
"In1","425-43-1346","CXK032","1","","41",""
"In1","425-43-1346","VOYI7M","1","","58",""
"In1","425-69-2922","FPE4TO","1","","52",""
"In1","428-63-5921","48G5AY","1","","79",""
"In1","428-63-5921","Q8YPGM","2","","74",""
"In1","428-86-9962","FCAT9","1","","79",""
"In1","429-15-8236","YV5YKM","1","","66",""
"In1","429-42-8147","IP9LJR","2","","40",""
"In1","429-69-7739","JZ4NCT","1","","49",""
"In1","429-73-3647","1NBJFB","1","","53",""
"In1","430-48-4383","2MH4IP","1","","89",""
"In1","430-48-4383","GO2IKE","1","","62",""
"In1","430-50-0136","XMIQYG","1","","69",""
"In1","430-94-9041","LN809F","1","","100",""
"In1","430-94-9041","NVM8XH","1","","61",""
"In1","430-98-0538","CXHM65","1","","66",""
"In1","430-98-0538","QJPGHE","1","","53",""
"In1","431-08-8624","13OALN","2","","58",""
"In1","433-67-5418","2FDW7U","1","","99",""
"In1","435-49-9283","SS6FD","2","","96",""
"In1","436-11-0379","1A09XC","1","","61",""
"In1","436-76-1653","NHAJCT","1","","61",""
"In1","436-79-6317","EMALDE","1","","95",""
"In1","437-15-5485","EYIHUT","2","","93",""
"In1","437-15-5485","VMCG3E","1","","80",""
"In1","437-84-1956","39PWGU","1","","65",""
"In1","437-84-1956","IHJVCR","1","","46",""
"In1","438-82-0771","F78IQN","1","","93",""
"In1","438-83-8557","QZROZN","1","","87",""
"In1","438-83-8557","TSOX4T","1","","97",""
"In1","439-13-2916","JCPHRX","1","","96",""
"In1","440-94-0038","DUV4A9","2","","63",""
"In1","441-00-3107","742TDR","1","","95",""
"In1","441-00-3107","WGPST6","1","","46",""
"In1","442-23-2490","QE61CF","1","","79",""
"In1","442-23-2490","STUHZC","2","","71",""
"In1","442-85-2671","8A8FBD","1","","96",""
"In1","442-85-2671","JN1DLK","1","","88",""
"In1","443-51-0933","4Y5QBA","2","","64",""
"In1","443-51-0933","BK9IBY","1","","89",""
"In1","444-91-2208","CJA9P6","1","","74",""
"In1","444-91-2208","ZGTOXI","1","","51",""
"In1","446-58-2731","EE7EB4","2","","80",""
"In1","446-58-2731","QS0H5Z","2","","90",""
"In1","449-34-2662","HSEJZ8","2","","88",""
"In1","450-41-8552","EECNM6","1","","57",""
"In1","450-41-8552","RFIABR","1","","42",""
"In1","450-83-9969","EN3MIK","1","","47",""
"In1","450-83-9969","VR9OSF","1","","87",""
"In1","451-77-2047","HZ4LEX","1","","<NULL>",""
"In1","453-29-2826","8ZM31E","1","","66",""
"In1","453-59-7435","MESPO4","1","","<NULL>",""
"In1","453-59-7435","T14RP1","1","","48",""
"In1","453-74-0445","EJAXRD","1","","85",""
"In1","453-74-0445","MCP2ZO","2","","81",""
"In1","454-68-6766","6VSK5Q","1","","48",""
"In1","457-42-0093","4PBR6N","1","","87",""
"In1","457-55-4310","AGMDQ8","1","","50",""
"In1","458-57-9108","0S1FJ5","1","","58",""
"In1","458-57-9108","KDIJV0","1","","61",""
"In1","459-27-2169","05XKTJ","1","","70",""
"In1","459-27-2169","MCP2ZO","2","","65",""
"In1","459-76-6024","J3ILH9","2","","65",""
"In1","460-07-1905","4XJEG6","1","","83",""
"In1","460-07-1905","L3M36B","1","","67",""
"In1","465-19-5158","8PDE3K","1","","57",""
"In1","465-19-5158","MN1FYS","1","","83",""
"In1","465-34-6643","TVRNHF","2","","43",""
"In1","467-83-7690","ZIE73L","1","","82",""
"In1","467-86-6398","MXNDCO","2","","53",""
"In1","468-84-6524","YU7OQI","1","","87",""
"In1","469-09-1866","BV6WNE","1","","59",""
"In1","469-39-1591","7J1RX0","2","","51",""
"In1","469-39-1591","TDKDRA","1","","80",""
"In1","470-26-3666","8RUGEF","1","","45",""
"In1","470-26-3666","HMYMKV","1","","79",""
"In1","472-25-5361","095CST","2","","74",""
"In1","472-25-5361","2DQWR2","2","","73",""
"In1","472-47-2343","A6J1AU","3","","95",""
"In1","472-47-2343","GNS60N","1","","62",""
"In1","472-58-0330","O3EF9P","1","","74",""
"In1","472-74-3379","TB4TZL","1","","62",""
"In1","472-83-9006","UFHTXU","1","","96",""
"In1","474-59-8546","F1R3IG","1","","53",""
"In1","474-59-8546","K0Q7N1","1","","52",""
"In1","478-43-5752","4KU7VO","2","","85",""
"In1","478-43-5752","S9SD2N","1","","76",""
"In1","478-99-7748","1NRKTT","1","","57",""
"In1","478-99-7748","R2JJXQ","2","","68",""
"In1","479-48-3491","EFPPYF","1","","68",""
"In1","479-48-3491","TO1FSQ","1","","50",""
"In1","480-88-1126","WGLCYE","1","","49",""
"In1","481-14-9724","J02JPN","2","","80",""
"In1","481-71-7611","LFXF2M","2","","62",""
"In1","481-71-7611","VCG59","2","","63",""
"In1","482-09-8706","IATI77","2","","63",""
"In1","482-09-8706","OLS2PL","2","","80",""
"In1","482-52-8115","GF4XYS","1","","85",""
"In1","482-52-8115","LD5MGP","2","","50",""
"In1","483-19-5446","L0GYCS","1","","62",""
"In1","483-19-5446","ZHTH0U","1","","49",""
"In1","485-25-8960","Y9F496","1","","54",""
"In1","485-68-6520","6IRDWR","2","","96",""
"In1","486-92-3596","06KF2P","1","","58",""
"In1","486-92-3596","Z6LHNX","1","","97",""
"In1","489-16-0895","SAMQM3","1","","65",""
"In1","489-16-0895","SYPC1Z","2","","93",""
"In1","489-69-7213","KUNQLE","1","","93",""
"In1","492-89-8131","7NGQJE","2","","87",""
"In1","492-89-8131","NJ0YU2","2","","87",""
"In1","493-10-4062","1JWKBJ","1","","76",""
"In1","493-10-4062","NR94N0","2","","42",""
"In1","493-87-8123","SEAMIF","1","","41",""
"In1","494-17-8591","DZVU5U","1","","72",""
"In1","494-17-8591","Y947WJ","1","","98",""
"In1","495-23-9407","54M8BA","1","","71",""
"In1","495-23-9407","VSTRDW","1","","60",""
"In1","496-42-4288","76Q26E","1","","87",""
"In1","498-81-3981","3DQMS5","1","","53",""
"In1","498-81-3981","S07G6K","2","","95",""
"In1","500-04-8353","9BTOQX","1","","54",""
"In1","500-04-8353","LKOJGI","3","","88",""
"In1","501-29-0840","GQH8WG","1","","53",""
"In1","501-29-0840","W6C9TI","1","","45",""
"In1","503-00-4447","E03V3G","1","","51",""
"In1","503-96-0046","95XO0J","1","","60",""
"In1","504-51-9367","B2D47L","1","","50",""
"In1","504-51-9367","JYC15U","1","","97",""
"In1","505-28-2848","10TRZG","1","","48",""
"In1","505-28-2848","KAS6UD","1","","41",""
"In1","505-98-8434","3DQMS5","1","","90",""
"In1","505-98-8434","PM2W8B","1","","99",""
"In1","506-31-2666","GFFHGY","1","","79",""
"In1","506-90-3158","9L154P","2","","65",""
"In1","506-90-3158","CS7XSR","2","","51",""
"In1","507-51-6751","ILDCVX","1","","53",""
"In1","508-36-1827","TS7WKI","1","","98",""
"In1","509-22-7134","Z9HNZZ","1","","56",""
"In1","509-22-7134","ZC18MR","1","","51",""
"In1","509-96-7095","0S1FJ5","1","","46",""
"In1","509-96-7095","H9BRE0","1","","93",""
"In1","511-25-3594","6CDVWQ","1","","48",""
"In1","511-25-3594","C5QV4Y","3","","47",""
"In1","512-39-0777","VYX5XM","3","","70",""
"In1","514-47-2134","BJL5KY","1","","90",""
"In1","516-95-7184","BZDAFX","1","","60",""
"In1","516-95-7184","OB6NR8","3","","65",""
"In1","517-08-4859","FYZYHX","1","","82",""
"In1","517-41-5291","7VBU6O","2","","68",""
"In1","517-41-5291","VR9OSF","1","","74",""
"In1","518-67-8288","H9KWF0","1","","55",""
"In1","519-70-1868","NPWCSQ","1","","88",""
"In1","520-44-7308","0IIH32","1","","67",""
"In1","520-44-7308","OSWZRF","1","","45",""
"In1","521-50-2862","E3C6QD","1","","98",""
"In1","521-86-3362","4PS23D","1","","70",""
"In1","522-06-3906","EQIB1H","1","","91",""
"In1","522-06-3906","JDJCPQ","1","","61",""
"In1","522-14-8688","9L154P","2","","88",""
"In1","522-14-8688","IN397D","1","","74",""
"In1","522-40-9769","D89PI7","1","","46",""
"In1","522-40-9769","DCHNFW","1","","41",""
"In1","524-64-3860","FCKHAR","1","","95",""
"In1","524-64-3860","FJ4EKD","3","","78",""
"In1","525-28-8690","FX8C3I","1","","79",""
"In1","525-28-8690","V5E0T9","1","","80",""
"In1","525-38-8955","ACLUZU","1","","92",""
"In1","525-38-8955","ZGV8MD","2","","85",""
"In1","525-75-2288","58WMVS","1","","56",""
"In1","525-86-0882","53LM2V","2","","48",""
"In1","525-86-0882","TLO2X1","1","","72",""
"In1","526-14-8306","09HLHU","1","","74",""
"In1","526-14-8306","YCB01Y","2","","64",""
"In1","527-40-5012","COTOFU","1","","47",""
"In1","528-45-2554","OMET75","1","","51",""
"In1","528-45-2554","PLRSWT","1","","40",""
"In1","530-09-2056","6S6CKX","1","","77",""
"In1","531-25-0405","64RQ1Q","2","","79",""
"In1","531-25-0405","J4974O","2","","71",""
"In1","532-05-4564","FQCAHB","1","","96",""
"In1","532-39-8407","URAXCN","2","","64",""
"In1","532-98-2446","JLJLT3","1","","56",""
"In1","532-98-2446","X2G9NT","1","","59",""
"In1","533-21-9571","I5GCWD","2","","50",""
"In1","533-21-9571","QUVETO","1","","76",""
"In1","534-07-9435","27L7CW","1","","67",""
"In1","534-07-9435","C0675E","2","","62",""
"In1","534-59-4007","CZXZPR","2","","55",""
"In1","534-59-4007","VDPE32","1","","40",""
"In1","535-81-4645","0UURWD","3","","70",""
"In1","537-01-4616","7VBU6O","2","","60",""
"In1","537-01-4616","X4VR0Y","2","","89",""
"In1","537-47-5501","FXHO7R","2","","42",""
"In1","540-26-3606","CAL0GX","2","","91",""
"In1","540-43-5142","PL0QFD","1","","99",""
"In1","540-43-5142","RLKZYY","1","","57",""
"In1","540-97-1869","IZDRB8","2","","64",""
"In1","542-32-3074","624COA","1","","89",""
"In1","543-23-3633","1H45CH","1","","77",""
"In1","543-23-3633","RBCVRZ","1","","90",""
"In1","544-59-3001","WU0CBZ","1","","83",""
"In1","546-17-5402","A8YTEN","2","","91",""
"In1","546-17-5402","VJ4UH5","1","","73",""
"In1","547-91-1103","P949L0","1","","55",""
"In1","548-81-6330","K3B13O","1","","89",""
"In1","548-81-6330","MP9GRF","1","","65",""
"In1","551-43-0778","290YFH","2","","45",""
"In1","553-97-3197","69YM1K","1","","95",""
"In1","554-92-1527","RSJZOL","1","","53",""
"In1","554-92-1527","ZLVD6T","1","","69",""
"In1","554-96-0232","JFB8Y8","1","","61",""
"In1","555-78-1562","GEXW15","2","","70",""
"In1","555-78-1562","X8CALG","2","","79",""
"In1","559-38-1724","50ULN7","2","","66",""
"In1","559-38-1724","H9BRE0","1","","45",""
"In1","560-90-4822","AT16UJ","1","","53",""
"In1","561-67-0592","VKHCZS","1","","69",""
"In1","562-38-1366","P3PRCJ","1","","60",""
"In1","562-38-1366","W6C9TI","1","","72",""
"In1","562-46-4515","1OMJYB","2","","80",""
"In1","562-53-6861","2IFT3R","1","","71",""
"In1","564-02-0055","WDMIMH","3","","96",""
"In1","564-44-1867","2BO86R","2","","74",""
"In1","564-44-1867","EZDDI1","1","","91",""
"In1","565-00-1604","KJVVP5","2","","83",""
"In1","565-00-1604","X6TZHU","1","","40",""
"In1","565-29-6323","37F7VF","1","","64",""
"In1","565-29-6323","P510GY","1","","52",""
"In1","565-39-8257","TPE13Y","1","","73",""
"In1","566-62-3054","CQRC1Q","1","","99",""
"In1","566-62-3054","D3YFS","1","","90",""
"In1","568-18-9404","0GY51E","2","","80",""
"In1","568-18-9404","0IIH32","1","","52",""
"In1","570-42-1153","C0675E","2","","71",""
"In1","570-42-1153","RDFUE1","2","","77",""
"In1","570-48-4876","MZ3FRN","1","","80",""
"In1","570-48-4876","NJ2OFD","1","","83",""
"In1","571-06-9415","FCKHAR","1","","42",""
"In1","571-06-9415","IKEZ4M","1","","52",""
"In1","574-39-0046","M34TZT","2","","79",""
"In1","574-49-6757","HB3ZSA","1","","93",""
"In1","574-49-6757","QCXWXH","2","","57",""
"In1","574-61-0551","6VQVVX","1","","43",""
"In1","575-04-0698","4VUC5P","1","","58",""
"In1","575-32-6865","BONHBK","1","","75",""
"In1","575-32-6865","L7P728","1","","82",""
"In1","576-33-1324","IECN6I","1","","61",""
"In1","576-90-8757","DPEJ8X","2","","70",""
"In1","576-98-4537","E3J5JD","1","","84",""
"In1","577-21-3425","JIK179","2","","100",""
"In1","578-83-0692","2BO86R","2","","90",""
"In1","578-83-0692","DYRC9T","1","","54",""
"In1","579-31-6512","2MKLN9","2","","94",""
"In1","579-31-6512","JHN1GV","1","","71",""
"In1","580-93-4508","GDAC6X","2","","53",""
"In1","580-93-4508","OF8DGA","1","","72",""
"In1","582-75-1525","F0TF3Q","2","","100",""
"In1","582-85-0967","9P1XQ5","1","","99",""
"In1","582-85-0967","MQR58Q","2","","93",""
"In1","583-56-9745","IFR5KZ","2","","50",""
"In1","583-56-9745","OMET75","1","","83",""
"In1","584-25-9220","27Y4CZ","2","","55",""
"In1","584-45-8986","AAXW8O","1","","97",""
"In1","584-45-8986","RXPHZP","1","","53",""
"In1","585-22-6730","64RQ1Q","2","","70",""
"In1","585-22-6730","CHOH5Z","2","","67",""
"In1","588-33-9820","BWW172","2","","85",""
"In1","588-33-9820","F00NOG","1","","65",""
"In1","591-26-0635","6CDVWQ","1","","91",""
"In1","591-26-0635","AQPBSP","1","","54",""
"In1","591-34-6399","8PDE3K","1","","73",""
"In1","591-34-6399","Q1MXXV","1","","81",""
"In1","592-15-6523","I3AY40","1","","56",""
"In1","594-12-8589","T3J8CL","1","","60",""
"In1","594-57-0615","W4M880","1","","77",""
"In1","594-61-6755","SVKAM5","1","","55",""
"In1","595-59-9976","3L01QI","1","","97",""
"In1","596-50-0259","JSS2ST","1","","69",""
"In1","596-80-6536","DZHEF4","2","","67",""
"In1","596-80-6536","MQR58Q","2","","68",""
"In1","598-18-5292","WBXLKV","2","","64",""
"In1","598-66-9364","GNS60N","1","","64",""
"In1","598-66-9364","K3B13O","1","","81",""
"In1","599-32-1640","37F7VF","1","","54",""
"In1","599-32-1640","483Y9J","2","","47",""
"In1","600-10-1997","K28HM9","1","","<NULL>",""
"In1","600-13-7352","KG92DX","2","","89",""
"In1","600-70-4386","25440G","1","","99",""
"In1","601-14-5720","U4XX5F","1","","81",""
"In1","601-55-2513","XPQBMA","1","","88",""
"In1","602-45-8367","WW0AEG","1","","55",""
"In1","603-81-3639","1SC9E8","3","","48",""
"In1","603-81-3639","COGD7O","1","","61",""
"In1","604-08-1867","I8YHLJ","1","","92",""
"In1","604-08-1867","YEHQOK","2","","86",""
"In1","604-27-9669","XNPX5E","2","","99",""
"In1","604-27-9669","YS3YCY","1","","85",""
"In1","606-69-3243","ODS7VS","1","","51",""
"In1","607-24-5871","Z9HDRC","1","","90",""
"In1","607-95-4174","9UJQ1M","1","","40",""
"In1","608-09-8563","KM9N6J","1","","74",""
"In1","608-15-9537","1CDAS3","1","","68",""
"In1","608-15-9537","OBCRUZ","1","","93",""
"In1","608-62-8438","GI4WI9","1","","89",""
"In1","615-16-2153","A8YTEN","2","","58",""
"In1","615-16-2153","PT7DHC","2","","96",""
"In1","615-46-4120","WUKK6W","1","","63",""
"In1","616-77-3511","H57SAU","1","","51",""
"In1","616-78-2885","9UW5SK","1","","88",""
"In1","616-78-2885","ZAFV5M","3","","83",""
"In1","616-89-7888","DYF2FU","1","","83",""
"In1","618-37-3516","SAMQM3","1","","95",""
"In1","618-37-3516","UGOA0Y","1","","40",""
"In1","618-96-2318","9TF4OO","2","","71",""
"In1","618-96-2318","PL0QFD","1","","85",""
"In1","621-29-9628","UHLB7P","2","","55",""
"In1","621-29-9628","VOYI7M","1","","70",""
"In1","625-61-4600","9WAQ46","2","","68",""
"In1","625-61-4600","JK2B7O","2","","78",""
"In1","628-36-2946","JPSMOU","2","","64",""
"In1","628-36-2946","T6QASM","1","","95",""
"In1","628-60-3979","9ATPJ3","1","","67",""
"In1","629-44-9170","QVP75O","1","","80",""
"In1","629-44-9170","SWRZXF","2","","50",""
"In1","629-49-5585","VRM25B","1","","43",""
"In1","629-65-3503","YSY106","2","","<NULL>",""
"In1","629-90-4202","04NAXO","2","","40",""
"In1","632-03-8411","BBGTH","1","","70",""
"In1","632-03-8411","MJOD8B","2","","47",""
"In1","632-19-4271","TEPYYT","1","","44",""
"In1","632-29-7512","UQSI6J","2","","71",""
"In1","635-80-9040","A83X0S","2","","40",""
"In1","636-73-7045","LFXF2M","2","","80",""
"In1","636-73-7045","XUB3AN","2","","84",""
"In1","637-50-0457","QX7Q4I","2","","70",""
"In1","637-98-9296","2CO2YO","1","","74",""
"In1","639-56-7333","KEFNJG","1","","65",""
"In1","639-90-7107","IDY6W0","2","","57",""
"In1","640-23-3031","11L3FJ","2","","93",""
"In1","640-23-3031","7J1RX0","2","","63",""
"In1","642-04-6774","812VNS","1","","57",""
"In1","646-72-6398","DRDK1W","1","","85",""
"In1","646-72-6398","JE3SVV","1","","96",""
"In1","648-44-2035","Q1NP0H","1","","96",""
"In1","648-44-2035","V5E0T9","1","","82",""
"In1","650-13-6911","UXIV2O","1","","56",""
"In1","650-61-3268","D0V3U6","1","","46",""
"In1","650-61-3268","RFIABR","1","","52",""
"In1","652-32-9654","F00NOG","1","","99",""
"In1","652-32-9654","WWWDSW","1","","96",""
"In1","653-45-2782","1NOD7C","1","","40",""
"In1","654-67-5246","T74N0D","1","","63",""
"In1","655-67-6865","E60IYB","2","","94",""
"In1","658-60-5022","K7XM77","1","","79",""
"In1","659-20-2586","IAWEW6","1","","72",""
"In1","659-20-2586","MN1FYS","1","","76",""
"In1","660-52-8017","NJ0YU2","2","","45",""
"In1","660-52-8017","YN4VQY","1","","57",""
"In1","661-66-0198","32XGWL","1","","47",""
"In1","662-38-5383","EN3MIK","1","","94",""
"In1","662-38-5383","SKMURW","1","","47",""
"In1","664-27-6643","DYRC9T","1","","89",""
"In1","664-27-6643","JUMGG7","1","","59",""
"In1","664-32-4104","QSVY9L","3","","100",""
"In1","664-32-4104","XC7MJX","1","","91",""
"In1","664-79-1981","46DCIP","1","","52",""
"In1","664-79-1981","LKOJGI","3","","51",""
"In1","665-03-2230","BTRMYW","1","","58",""
"In1","665-03-8947","VGV79C","1","","97",""
"In1","666-00-8212","9FWWX9","1","","48",""
"In1","666-85-8410","KRQOBE","1","","61",""
"In1","666-85-8410","NT1KP1","1","","93",""
"In1","667-77-2952","BZRAL3","2","","63",""
"In1","669-46-6204","CKQFVQ","1","","66",""
"In1","671-97-1998","R2JJXQ","2","","71",""
"In1","671-97-1998","Z21MYL","1","","95",""
"In1","672-83-0864","Y3UWF2","2","","66",""
"In1","673-88-2145","GDAC6X","2","","70",""
"In1","673-88-2145","QSYZ75","2","","97",""
"In1","674-17-9990","EOQD8T","2","","52",""
"In1","674-17-9990","THINW6","1","","88",""
"In1","674-98-4191","X5Y3WF","1","","62",""
"In1","675-16-4286","LK810F","1","","62",""
"In1","675-16-4286","QTAA9W","2","","82",""
"In1","675-57-1731","X5AD72","1","","100",""
"In1","675-78-4796","Y7L1MW","2","","81",""
"In1","675-85-0596","CTQF2G","2","","96",""
"In1","675-85-0596","DRDK1W","1","","86",""
"In1","676-68-2791","8HE49J","1","","52",""
"In1","676-68-2791","LUHIU4","1","","75",""
"In1","676-82-7281","A9AAA2","2","","81",""
"In1","676-82-7281","X4VR0Y","2","","71",""
"In1","677-20-3792","RBCVRZ","1","","78",""
"In1","677-20-3792","V0H1J1","3","","62",""
"In1","678-53-4092","VE50GG","1","","48",""
"In1","680-88-0746","0IKIPK","1","","69",""
"In1","680-91-4674","HHM9PM","2","","92",""
"In1","680-91-4674","SKMURW","1","","74",""
"In1","681-09-9421","WUCZI","2","","54",""
"In1","683-14-2471","YZAV8K","1","","88",""
"In1","684-26-8421","R7B4ZZ","1","","84",""
"In1","684-26-8421","Z21MYL","1","","92",""
"In1","684-32-1161","D91DYY","2","","47",""
"In1","684-32-1161","GQ3FOZ","2","","55",""
"In1","684-48-7788","LGWKSU","1","","50",""
"In1","685-36-4613","G6I2MH","1","","57",""
"In1","685-60-9556","EJAXRD","1","","70",""
"In1","685-60-9556","XHUT0L","1","","48",""
"In1","686-27-8823","MPU8VL","1","","87",""
"In1","687-46-7337","JAHMR8","1","","77",""
"In1","687-46-7337","YMPC6R","1","","69",""
"In1","687-98-5645","GV5Q1X","1","","86",""
"In1","689-10-0474","F5I6CY","1","","43",""
"In1","690-50-9198","BBGTH","1","","58",""
"In1","690-50-9198","V0NXDG","1","","67",""
"In1","690-94-8328","MG3HU8","1","","88",""
"In1","691-21-5240","YAJ6M8","3","","78",""
"In1","691-92-9902","GABH6P","2","","41",""
"In1","691-92-9902","GZYVJ0","1","","82",""
"In1","692-79-7558","OS50TC","1","","57",""
"In1","692-79-7558","V0NXDG","1","","60",""
"In1","693-90-5501","R4J082","1","","88",""
"In1","693-90-5501","TPV1GB","1","","90",""
"In1","694-50-3698","IZ14Y5","1","","56",""
"In1","694-50-3698","XQ7OYY","2","","95",""
"In1","695-25-1606","2P4HUQ","1","","79",""
"In1","695-89-9689","9XQELG","1","","76",""
"In1","696-61-5561","IXCI5P","1","","44",""
"In1","696-61-5561","Z02Q7S","1","","73",""
"In1","698-12-2178","MZ3FRN","1","","76",""
"In1","698-12-2178","XW292K","1","","40",""
"In1","698-48-1162","B9GWLW","1","","46",""
"In1","698-75-1474","CJA9P6","1","","52",""
"In1","698-75-1474","TX36TB","2","","79",""
"In1","700-16-3935","CD2ZZ5","2","","55",""
"In1","701-64-1183","OQG5VX","1","","40",""
"In1","702-83-5602","B9AM3H","3","","57",""
"In1","702-83-5602","VSTRDW","1","","70",""
"In1","703-15-3612","EV2XDB","1","","92",""
"In1","706-48-8078","9JA7PX","1","","46",""
"In1","706-48-8078","RSPOQF","1","","91",""
"In1","710-05-2963","GFH5WE","1","","73",""
"In1","710-58-4875","2MKLN9","2","","92",""
"In1","710-58-4875","QZROZN","1","","71",""
"In1","711-71-9903","6DS1C1","3","","82",""
"In1","713-64-6828","50CPA5","1","","57",""
"In1","713-93-1104","9JA7PX","1","","50",""
"In1","713-93-1104","EE7EB4","2","","42",""
"In1","714-78-8253","LIZV24","1","","71",""
"In1","715-05-5853","B9AM3H","3","","54",""
"In1","715-05-5853","L3M36B","1","","69",""
"In1","718-87-8514","L2MYLH","1","","95",""
"In1","718-87-8514","QF2QCI","1","","100",""
"In1","720-41-2073","F1AA8P","2","","58",""
"In1","721-63-8437","0V1FXQ","1","","59",""
"In1","721-63-8437","QF2QCI","1","","59",""
"In1","724-93-1688","COGD7O","1","","91",""
"In1","724-93-1688","TPV1GB","1","","46",""
"In1","727-88-7584","AT76A8","1","","56",""
"In1","728-19-8692","MQXPDU","1","","90",""
"In1","729-32-4488","R16W75","1","","96",""
"In1","730-65-7089","PIJGYF","2","","72",""
"In1","730-65-7089","UGOA0Y","1","","68",""
"In1","730-77-6006","GZYVJ0","1","","63",""
"In1","730-77-6006","VRHHJP","1","","77",""
"In1","731-14-1718","CRI5E6","1","","77",""
"In1","731-14-1718","KYMAI1","1","","54",""
"In1","734-51-7657","PBAI28","1","","62",""
"In1","734-87-4599","N7AV9G","2","","41",""
"In1","735-78-7011","IAWEW6","1","","87",""
"In1","735-78-7011","OPKJ4M","1","","61",""
"In1","736-26-3935","H1LNCH","3","","77",""
"In1","737-83-0691","GP07DA","1","","83",""
"In1","738-00-1975","9I3ET8","2","","59",""
"In1","738-00-1975","SKK151","1","","43",""
"In1","738-37-0568","NEMZN5","1","","78",""
"In1","740-82-2722","SR7FV7","2","","77",""
"In1","741-48-0328","0GY51E","2","","47",""
"In1","741-48-0328","7P6K8I","1","","80",""
"In1","741-68-8982","K1JWSF","1","","93",""
"In1","741-86-4159","YWNOTR","1","","70",""
"In1","741-88-1802","FK1JAU","1","","93",""
"In1","742-58-1564","OH1FHA","3","","94",""
"In1","742-58-1564","X2G9NT","1","","69",""
"In1","744-85-5468","ID268A","1","","49",""
"In1","744-85-5468","XHUT0L","1","","79",""
"In1","745-13-2180","1QVQ2H","1","","70",""
"In1","746-40-6189","GHAEXI","1","","92",""
"In1","746-82-6676","L5TA2V","3","","84",""
"In1","747-06-7587","CHOH5Z","2","","84",""
"In1","747-06-7587","NVM8XH","1","","93",""
"In1","749-28-8492","0RZBSF","2","","63",""
"In1","749-48-1185","3NNSJS","1","","99",""
"In1","751-21-3923","IP1BUW","2","","100",""
"In1","752-19-8870","LD15CI","1","","99",""
"In1","752-59-5391","TYMZYG","2","","43",""
"In1","752-59-5391","UA0DGP","1","","55",""
"In1","754-59-9862","3L07YK","2","","76",""
"In1","754-59-9862","5QO48U","2","","41",""
"In1","755-36-8631","1WFQJA","1","","64",""
"In1","755-77-0383","4P5J1D","2","","46",""
"In1","755-77-0383","PNN35V","1","","77",""
"In1","756-31-0125","E17W6V","1","","78",""
"In1","756-63-8854","MODP74","2","","64",""
"In1","756-63-8854","WSBTPO","1","","86",""
"In1","758-78-4392","MESPO4","1","","72",""
"In1","758-78-4392","ZUN4K9","1","","89",""
"In1","761-04-3351","5HL12F","1","","74",""
"In1","761-07-6728","FW7YC7","3","","95",""
"In1","761-15-3841","H1QHG1","1","","75",""
"In1","761-15-3841","OUR77","1","","43",""
"In1","762-11-7803","A78LNS","1","","90",""
"In1","762-11-7803","OPKJ4M","1","","97",""
"In1","763-81-4894","N2GY7E","1","","69",""
"In1","764-71-8286","T7SSKA","1","","56",""
"In1","764-97-2264","KKIHW9","1","","40",""
"In1","764-97-2264","SNI0KF","1","","99",""
"In1","765-83-8322","O5B7P9","1","","62",""
"In1","765-83-8322","WMM3E9","1","","48",""
"In1","766-17-7105","2G6RMM","2","","76",""
"In1","766-17-7105","DNAS6K","1","","59",""
"In1","769-88-2185","Z4N1ZE","2","","56",""
"In1","770-63-1127","EDLE8A","1","","48",""
"In1","770-63-1127","L3EM6J","1","","44",""
"In1","771-82-5558","8CYCOQ","1","","77",""
"In1","771-82-5558","CZXZPR","2","","98",""
"In1","773-11-1098","STVVC8","1","","62",""
"In1","774-08-1658","KIOITD","1","","60",""
"In1","774-61-2607","G647IM","2","","84",""
"In1","774-61-2607","OYYUON","1","","45",""
"In1","777-21-9362","INUC6Q","1","","52",""
"In1","777-21-9362","ZA6VF1","1","","48",""
"In1","778-11-6409","14EOTG","1","","51",""
"In1","778-11-6409","55MJ7A","1","","70",""
"In1","778-22-9213","LZ845A","1","","46",""
"In1","778-22-9213","SFTTH6","1","","62",""
"In1","779-06-4940","U4EKV6","2","","51",""
"In1","779-11-9807","C522ZQ","1","","58",""
"In1","779-11-9807","CXK032","1","","91",""
"In1","780-15-2595","OAG5GX","1","","55",""
"In1","780-29-7603","7XD9FP","1","","73",""
"In1","780-29-7603","JOO1BQ","1","","40",""
"In1","782-31-4725","MCWORS","1","","70",""
"In1","782-31-4725","PIJGYF","2","","79",""
"In1","783-08-2714","EVLLWN","1","","77",""
"In1","783-08-2714","UDBHN3","2","","52",""
"In1","783-39-4245","DKFWRP","1","","98",""
"In1","783-52-3050","T9J3VN","2","","43",""
"In1","783-52-3050","U1V58R","2","","85",""
"In1","783-53-5625","O5CJSJ","1","","98",""
"In1","784-76-2371","C5QV4Y","3","","84",""
"In1","784-76-2371","O67Y5","1","","75",""
"In1","785-35-5489","OHQB8Q","1","","44",""
"In1","785-35-5489","UKWM2A","1","","42",""
"In1","786-81-5473","DZVU5U","1","","56",""
"In1","786-81-5473","P3PRCJ","1","","90",""
"In1","788-27-5259","QMZRLN","1","","48",""
"In1","788-95-7306","R4J082","1","","87",""
"In1","788-95-7306","SOBCAY","2","","66",""
"In1","789-44-6140","EZDDI1","1","","76",""
"In1","789-44-6140","Z8S9L3","1","","73",""
"In1","789-86-5885","XY65Q","1","","44",""
"In1","790-14-8850","EZ2U17","1","","76",""
"In1","790-20-3081","YM8ZZI","2","","46",""
"In1","791-08-5274","8CYCOQ","1","","48",""
"In1","791-08-5274","NHEHGE","1","","54",""
"In1","792-51-4246","2MH4IP","1","","42",""
"In1","792-51-4246","TEM7ZN","1","","84",""
"In1","793-43-0123","KJVVP5","2","","87",""
"In1","793-43-0123","YAUNW8","2","","91",""
"In1","793-55-5487","7M890A","2","","74",""
"In1","794-83-2949","B8HQMY","1","","53",""
"In1","794-83-2949","QE61CF","1","","92",""
"In1","795-26-2851","90PXSU","1","","82",""
"In1","795-26-2851","GAKP5Q","2","","87",""
"In1","796-05-1312","EBQ5L0","1","","100",""
"In1","798-08-8722","X00AC2","1","","99",""
"In1","798-19-5590","NC6P3V","2","","88",""
"In1","798-72-8146","3FZK1U","2","","41",""
"In1","798-72-8146","ZWZQMA","1","","77",""
"In1","800-93-8287","HD3HEX","1","","72",""
"In1","800-93-8287","LZ845A","1","","92",""
"In1","801-56-5925","GLA5A5","1","","50",""
"In1","801-97-3390","CXHM65","1","","98",""
"In1","801-97-3390","Z8S9L3","1","","43",""
"In1","803-62-6221","GVKSWC","1","","97",""
"In1","803-62-6221","IZ14Y5","1","","84",""
"In1","803-97-1368","6ZGMO","1","","60",""
"In1","804-02-4753","IATI77","2","","63",""
"In1","804-02-4753","MP9GRF","1","","88",""
"In1","804-25-9793","V9S3SF","1","","60",""
"In1","804-80-6774","LPCCCM","1","","98",""
"In1","805-65-3090","4H29MQ","2","","47",""
"In1","806-68-3198","67HN9F","2","","70",""
"In1","806-68-3198","HLQMYW","2","","48",""
"In1","807-19-8081","TN7Y9F","1","","89",""
"In1","807-68-2938","1ZRUOF","2","","94",""
"In1","807-79-2613","KL7NW","1","","57",""
"In1","808-50-3963","AY0BS6","1","","70",""
"In1","808-50-3963","QTAA9W","2","","64",""
"In1","809-31-7470","DZQ40Y","1","","92",""
"In1","812-29-6757","09HLHU","1","","75",""
"In1","812-29-6757","YN4VQY","1","","97",""
"In1","813-32-3444","H2NI0H","1","","42",""
"In1","813-32-3444","ZG1372","2","","40",""
"In1","815-13-6413","O5B7P9","1","","75",""
"In1","815-13-6413","OHQB8Q","1","","90",""
"In1","815-66-1772","0E5DAO","2","","78",""
"In1","815-84-1612","9MXPJ3","1","","62",""
"In1","821-03-6413","1XTYJO","1","","40",""
"In1","821-03-6413","4KU7VO","2","","54",""
"In1","822-27-9786","B8HQMY","1","","76",""
"In1","822-27-9786","PNN35V","1","","41",""
"In1","822-68-0709","HZ4IQX","2","","68",""
"In1","822-68-0709","KQ111D","1","","<NULL>",""
"In1","823-82-4250","TQDBQU","1","","59",""
"In1","823-82-4250","Y947WJ","1","","47",""
"In1","827-11-1157","BUORU3","1","","69",""
"In1","827-11-1157","KAS6UD","1","","68",""
"In1","830-49-6002","QL4LAD","1","","94",""
"In1","830-70-2466","S4XLJO","2","","54",""
"In1","831-24-2905","H27EWE","3","","43",""
"In1","832-53-6373","W8CP0Y","2","","92",""
"In1","834-53-6093","624D1W","1","","68",""
"In1","834-53-9676","3I5S9N","1","","69",""
"In1","835-38-7265","7FCQ2","1","","53",""
"In1","835-92-0746","XZCZWI","1","","42",""
"In1","835-98-9930","1JBY84","3","","51",""
"In1","836-82-4668","DLUTFJ","1","","43",""
"In1","837-95-3437","A2D8H2","1","","44",""
"In1","839-58-6888","JCIDCA","1","","86",""
"In1","839-58-6888","NINUEH","1","","98",""
"In1","839-66-8694","N73AHA","1","","99",""
"In1","839-66-8694","U2WDUQ","1","","98",""
"In1","840-45-3652","KEI6X2","1","","87",""
"In1","841-15-4992","EJ0NJZ","1","","78",""
"In1","841-25-4514","3196I","1","","40",""
"In1","841-25-4514","9BTOQX","1","","71",""
"In1","843-84-1379","39PWGU","1","","42",""
"In1","843-84-1379","DK23Z2","2","","98",""
"In1","844-47-1743","VRCVGC","1","","83",""
"In1","845-49-2679","963IB4","1","","85",""
"In1","845-49-2679","H2NI0H","1","","85",""
"In1","847-01-7025","KQ111D","1","","85",""
"In1","847-01-7025","VNQW6I","1","","46",""
"In1","847-32-7713","IY7T5L","1","","65",""
"In1","849-56-6228","JK2B7O","2","","44",""
"In1","849-56-6228","RNXXLE","1","","88",""
"In1","850-62-8681","C661VL","3","","76",""
"In1","850-62-8681","NINUEH","1","","73",""
"In1","851-53-9316","EYIHUT","2","","95",""
"In1","851-53-9316","G6U09R","1","","67",""
"In1","851-62-9087","WF15SR","1","","99",""
"In1","852-81-0205","FGSCWQ","1","","47",""
"In1","852-81-0205","WT2HPO","2","","81",""
"In1","854-15-1305","KJIOD5","3","","71",""
"In1","854-15-1305","RK5DDL","1","","72",""
"In1","854-96-1039","K3HSRO","1","","60",""
"In1","854-96-1039","VH26R2","1","","62",""
"In1","855-41-5558","XBL8FC","1","","57",""
"In1","858-04-1916","HXERPQ","1","","63",""
"In1","858-04-1916","RL3B5H","2","","89",""
"In1","858-17-6193","EL7M07","2","","75",""
"In1","860-02-0908","CUB1EM","3","","41",""
"In1","860-02-0908","NJ2OFD","1","","46",""
"In1","860-04-3171","MU5UG6","1","","43",""
"In1","861-75-8013","1OYUPM","1","","44",""
"In1","861-75-8013","M3DZXZ","2","","60",""
"In1","862-89-7926","JCIDCA","1","","71",""
"In1","862-89-7926","PGAA7R","1","","40",""
"In1","863-73-4400","DBJY85","1","","68",""
"In1","864-92-8502","22GO7N","2","","84",""
"In1","868-80-7355","14EOTG","1","","70",""
"In1","868-80-7355","UHSUZ7","1","","100",""
"In1","869-01-2785","AVD913","1","","71",""
"In1","869-39-1007","VUG6Z2","2","","91",""
"In1","869-39-1007","ZG1372","2","","56",""
"In1","871-28-1087","0PM32D","1","","40",""
"In1","872-32-2096","2E4MQG","1","","63",""
"In1","872-32-2096","HGVZ8R","1","","78",""
"In1","872-36-3993","JVFYX5","1","","64",""
"In1","872-36-3993","OLS2PL","2","","81",""
"In1","874-15-2256","WRVCOK","2","","65",""
"In1","875-25-0651","JVFYX5","1","","68",""
"In1","875-25-0651","QVP75O","1","","<NULL>",""
"In1","876-96-8050","ZSP7MN","1","","82",""
"In1","877-23-8818","HJUMOR","1","","63",""
"In1","878-08-0463","8HPNDP","1","","48",""
"In1","878-08-0463","TKN79W","3","","72",""
"In1","881-55-3165","7XD9FP","1","","65",""
"In1","881-55-3165","ZAUJTV","3","","40",""
"In1","882-19-7812","OYUDVV","1","","85",""
"In1","882-76-0320","KC2LTA","2","","71",""
"In1","882-89-0941","8A9RDR","1","","87",""
"In1","883-11-9318","RNXXLE","1","","80",""
"In1","883-11-9318","SRK7QK","1","","69",""
"In1","883-56-9772","IN397D","1","","49",""
"In1","883-56-9772","JHN1GV","1","","61",""
"In1","883-71-7053","NU5RDD","2","","96",""
"In1","883-76-6739","6FMT9N","1","","98",""
"In1","883-76-6739","YD3B83","1","","54",""
"In1","884-09-4220","11L3FJ","2","","100",""
"In1","884-09-4220","VPG5BR","1","","71",""
"In1","886-75-9197","L2QA5A","2","","82",""
"In1","886-75-9197","RSJZOL","1","","66",""
"In1","888-20-3042","D3YFS","1","","87",""
"In1","888-20-3042","PE2K2N","1","","49",""
"In1","890-37-9203","DLPNQQ","1","","44",""
"In1","890-45-2727","UURR84","1","","65",""
"In1","892-36-2995","KU2PLW","2","","77",""
"In1","892-79-3877","TAHSRD","1","","72",""
"In1","895-94-0045","O0VKD1","3","","43",""
"In1","895-94-0045","VMWB5P","1","","42",""
"In1","897-00-5635","M1NWQ0","1","","68",""
"In1","897-00-5635","T977KF","1","","41",""
"In1","897-66-7981","6BMLCB","1","","96",""
"In1","897-83-7776","GO2F3X","2","","62",""
"In1","898-10-5042","5U8GNX","1","","91",""
"In1","898-39-7882","8HPNDP","1","","94",""
"In1","898-39-7882","O8N7A0","1","","50",""
"In1","900-07-1733","GG5XYU","1","","91",""
"In1","900-12-8837","E78KDO","1","","78",""
"In1","900-36-7606","SKL3JG","1","","96",""
"In1","901-10-6072","BTBOGR","1","","73",""
"In1","901-10-6072","G69PU7","1","","41",""
"In1","901-30-4075","FIH3VD","1","","93",""
"In1","901-30-4075","KRQOBE","1","","93",""
"In1","902-01-0644","A5BM69","2","","50",""
"In1","904-82-4475","ZKZ3PL","1","","74",""
"In1","905-19-5094","62OH41","1","","59",""
"In1","906-90-2840","EDWL1J","2","","91",""
"In1","906-90-2840","RS8Z13","2","","50",""
"In1","908-54-3048","XBWBPP","1","","65",""
"In1","910-51-6999","ON2LB4","1","","82",""
"In1","910-52-0099","RLKZYY","1","","96",""
"In1","910-52-0099","SBSLC4","2","","67",""
"In1","911-23-5435","T1SZP","3","","47",""
"In1","911-90-1790","XUB3AN","2","","93",""
"In1","911-90-1790","Y7U19V","1","","47",""
"In1","911-94-9470","HKO9AF","1","","90",""
"In1","912-91-1650","DU5KBB","1","","52",""
"In1","914-34-3278","RL3WIT","2","","59",""
"In1","914-76-1444","AXJQC6","1","","82",""
"In1","914-76-1444","PYX6FA","1","","65",""
"In1","916-14-1175","WWP1CA","1","","46",""
"In1","916-93-6342","6J86ZA","1","","40",""
"In1","918-30-6376","P6UCPQ","1","","67",""
"In1","918-38-2843","ZI6K9O","2","","55",""
"In1","920-15-7822","OYYUON","1","","85",""
"In1","920-15-7822","Z8JWEC","1","","93",""
"In1","920-44-2435","ZYSKI3","1","","41",""
"In1","921-78-5294","KZ1XDX","1","","87",""
"In1","923-95-1722","C6TNFT","1","","98",""
"In1","923-97-1510","HGVZ8R","1","","62",""
"In1","923-97-1510","ONP7Q0","3","","100",""
"In1","924-95-7810","7P6K8I","1","","57",""
"In1","924-95-7810","C64UWB","1","","70",""
"In1","928-24-4124","L7P728","1","","42",""
"In1","928-24-4124","VDPE32","1","","77",""
"In1","928-41-0940","M3UEH2","2","","100",""
"In1","928-41-0940","Y1RQV4","1","","43",""
"In1","929-32-9841","I4E8HX","1","","52",""
"In1","931-30-0760","HKZFRQ","1","","92",""
"In1","931-73-9626","HSUFJ7","2","","52",""
"In1","933-48-7728","50ULN7","2","","88",""
"In1","933-48-7728","TYMZYG","2","","79",""
"In1","934-10-3289","LEY8F7","1","","42",""
"In1","934-10-3289","PLRSWT","1","","62",""
"In1","934-30-1352","WG39V4","2","","100",""
"In1","934-40-0745","LH99DP","1","","42",""
"In1","934-40-0745","TSOX4T","1","","43",""
"In1","935-61-0028","EJJKD8","2","","42",""
"In1","937-31-1446","4BQU0V","1","","58",""
"In1","937-31-1446","FK3NZU","1","","44",""
"In1","938-16-1241","D9TMOX","1","","53",""
"In1","938-16-1241","F1R3IG","1","","97",""
"In1","939-56-8639","6MEQO6","1","","99",""
"In1","939-56-8639","QSYZ75","2","","89",""
"In1","940-01-3048","53M09K","2","","96",""
"In1","940-05-3547","3HKS5H","1","","43",""
"In1","940-05-3547","PGAA7R","1","","71",""
"In1","941-82-0779","N73AHA","1","","58",""
"In1","941-82-0779","VCG59","2","","46",""
"In1","944-42-5925","6MEQO6","1","","93",""
"In1","944-42-5925","J93CWO","1","","77",""
"In1","944-95-1816","GAKP5Q","2","","76",""
"In1","944-95-1816","M3DZXZ","2","","66",""
"In1","946-05-1328","CUB1EM","3","","56",""
"In1","946-05-1328","ZHTH0U","1","","91",""
"In1","948-15-8197","ESGPT6","2","","51",""
"In1","950-28-7917","CDCG0V","1","","100",""
"In1","953-57-3446","YEG40X","1","","90",""
"In1","955-16-4210","1CDAS3","1","","80",""
"In1","955-16-4210","UHLB7P","2","","71",""
"In1","955-90-2791","4BQU0V","1","","53",""
"In1","955-90-2791","CS7XSR","2","","94",""
"In1","958-11-1429","IGJ4D0","1","","54",""
"In1","958-11-1429","L0GYCS","1","","70",""
"In1","959-14-7180","JUMGG7","1","","47",""
"In1","959-14-7180","ZWQQCK","2","","51",""
"In1","959-73-6815","0TS1AF","2","","84",""
"In1","959-73-6815","3FZK1U","2","","70",""
"In1","959-81-0257","5PDMPG","1","","87",""
"In1","959-81-0257","QSN3DY","2","","63",""
"In1","960-27-5231","1D5YD8","1","","72",""
"In1","960-27-5231","YZAILK","2","","86",""
"In1","961-74-1618","4HDJ62","1","","59",""
"In1","961-74-1618","RSPOQF","1","","81",""
"In1","964-17-3559","B54PR","2","","77",""
"In1","964-17-3559","N0AORK","2","","67",""
"In1","964-28-3993","1XTYJO","1","","85",""
"In1","964-28-3993","THY2BC","1","","53",""
"In1","964-67-8488","T8V4KB","3","","67",""
"In1","966-20-7473","D0OQP5","2","","69",""
"In1","967-35-1015","EECNM6","1","","74",""
"In1","967-35-1015","O0VKD1","3","","64",""
"In1","968-37-8950","CQ1AJ3","2","","63",""
"In1","970-48-5487","WVKQHF","2","","<NULL>",""
"In1","970-83-5730","O3QDDS","1","","69",""
"In1","971-68-3219","3H5VDK","2","","53",""
"In1","972-69-4030","WJP8FN","1","","50",""
"In1","974-48-9149","W6UXYW","1","","58",""
"In1","975-06-0011","V59J4M","1","","91",""
"In1","975-11-3378","4HDJ62","1","","87",""
"In1","975-11-3378","SWRZXF","2","","66",""
"In1","975-59-4709","DXTP0G","1","","66",""
"In1","975-82-6656","85I3BT","1","","58",""
"In1","975-82-6656","UDBHN3","2","","69",""
"In1","978-28-4691","AVQ0PX","2","","78",""
"In1","978-51-7372","1AR13I","1","","43",""
"In1","978-51-7372","EA19TH","1","","59",""
"In1","979-11-6846","H1QHG1","1","","68",""
"In1","979-11-6846","OH1FHA","3","","60",""
"In1","979-52-6650","J4974O","2","","67",""
"In1","979-52-6650","VH26R2","1","","79",""
"In1","981-57-6922","T5XPTK","1","","98",""
"In1","981-94-6955","H0A2YC","1","","44",""
"In1","982-59-0513","TKN79W","3","","87",""
"In1","982-59-0513","UKWM2A","1","","86",""
"In1","984-11-2324","YHRNZ3","2","","95",""
"In1","984-71-6608","XTXLCE","1","","91",""
"In1","984-89-8983","ZULOMI","1","","65",""
"In1","986-86-5250","VUWITJ","2","","64",""
"In1","987-22-2817","JLJLT3","1","","79",""
"In1","987-22-2817","P3VV4R","1","","96",""
"In1","989-31-3825","HGSAE2","1","","92",""
"In1","990-26-6974","080R19","2","","57",""
"In1","990-26-6974","XNPX5E","2","","99",""
"In1","990-64-0735","HEE4PD","1","","69",""
"In1","991-05-1443","D58I5M","1","","85",""
"In1","991-05-1443","RK5DDL","1","","45",""
"In1","991-94-7876","839TL7","2","","98",""
"In1","993-78-5423","6GE1NY","1","","91",""
"In1","993-90-9019","NHEHGE","1","","44",""
"In1","993-90-9019","POPJVU","2","","52",""
"In1","995-43-0966","0EEM08","2","","56",""
"In1","998-12-5347","YM7G76","2","","44",""
"In1","998-16-8105","2IPPBK","1","","53",""
"In1","998-16-8105","QUVETO","1","","<NULL>",""
"In1","998-96-0909","CMMUAP","1","","73",""
"In1","999-07-5161","UWHRDX","2","","83",""
"In1","999-34-2854","1LVG5K","1","","99",""
"In1","999-34-2854","Z6LHNX","1","","54",""
"In1","999-86-4867","YFZ7QP","1","","43",""
"In1","999-88-1684","FFCFXO","2","","97",""
